{"height": 24, "width": 16, "layer": [{"name": "\u56fe\u5757\u5c42 1", "data": {"tl_spr_spr_background": [{"x": 0, "y": 0, "index": 147}, {"x": 1, "y": 0, "index": 147}, {"x": 2, "y": 0, "index": 147}, {"x": 3, "y": 0, "index": 147}, {"x": 4, "y": 0, "index": 147}, {"x": 5, "y": 0, "index": 147}, {"x": 6, "y": 0, "index": 147}, {"x": 7, "y": 0, "index": 147}, {"x": 8, "y": 0, "index": 147}, {"x": 9, "y": 0, "index": 147}, {"x": 10, "y": 0, "index": 147}, {"x": 11, "y": 0, "index": 147}, {"x": 12, "y": 0, "index": 147}, {"x": 13, "y": 0, "index": 147}, {"x": 14, "y": 0, "index": 147}, {"x": 15, "y": 0, "index": 147}, {"x": 0, "y": 1, "index": 147}, {"x": 1, "y": 1, "index": 147}, {"x": 2, "y": 1, "index": 147}, {"x": 3, "y": 1, "index": 147}, {"x": 4, "y": 1, "index": 147}, {"x": 5, "y": 1, "index": 147}, {"x": 6, "y": 1, "index": 147}, {"x": 7, "y": 1, "index": 147}, {"x": 8, "y": 1, "index": 147}, {"x": 9, "y": 1, "index": 147}, {"x": 10, "y": 1, "index": 147}, {"x": 11, "y": 1, "index": 147}, {"x": 12, "y": 1, "index": 147}, {"x": 13, "y": 1, "index": 147}, {"x": 14, "y": 1, "index": 147}, {"x": 15, "y": 1, "index": 147}, {"x": 0, "y": 2, "index": 147}, {"x": 1, "y": 2, "index": 147}, {"x": 2, "y": 2, "index": 147}, {"x": 3, "y": 2, "index": 147}, {"x": 4, "y": 2, "index": 147}, {"x": 5, "y": 2, "index": 147}, {"x": 6, "y": 2, "index": 147}, {"x": 7, "y": 2, "index": 147}, {"x": 8, "y": 2, "index": 147}, {"x": 9, "y": 2, "index": 147}, {"x": 10, "y": 2, "index": 147}, {"x": 11, "y": 2, "index": 147}, {"x": 12, "y": 2, "index": 147}, {"x": 13, "y": 2, "index": 147}, {"x": 14, "y": 2, "index": 147}, {"x": 15, "y": 2, "index": 147}, {"x": 0, "y": 3, "index": 147}, {"x": 1, "y": 3, "index": 147}, {"x": 2, "y": 3, "index": 147}, {"x": 3, "y": 3, "index": 147}, {"x": 4, "y": 3, "index": 147}, {"x": 5, "y": 3, "index": 147}, {"x": 6, "y": 3, "index": 147}, {"x": 7, "y": 3, "index": 147}, {"x": 8, "y": 3, "index": 147}, {"x": 9, "y": 3, "index": 147}, {"x": 10, "y": 3, "index": 147}, {"x": 11, "y": 3, "index": 147}, {"x": 12, "y": 3, "index": 147}, {"x": 13, "y": 3, "index": 147}, {"x": 14, "y": 3, "index": 147}, {"x": 15, "y": 3, "index": 147}, {"x": 0, "y": 4, "index": 147}, {"x": 1, "y": 4, "index": 147}, {"x": 2, "y": 4, "index": 147}, {"x": 3, "y": 4, "index": 147}, {"x": 4, "y": 4, "index": 147}, {"x": 5, "y": 4, "index": 147}, {"x": 6, "y": 4, "index": 147}, {"x": 7, "y": 4, "index": 147}, {"x": 8, "y": 4, "index": 147}, {"x": 9, "y": 4, "index": 147}, {"x": 10, "y": 4, "index": 147}, {"x": 11, "y": 4, "index": 147}, {"x": 12, "y": 4, "index": 147}, {"x": 13, "y": 4, "index": 147}, {"x": 14, "y": 4, "index": 147}, {"x": 15, "y": 4, "index": 147}, {"x": 0, "y": 5, "index": 147}, {"x": 1, "y": 5, "index": 147}, {"x": 2, "y": 5, "index": 147}, {"x": 3, "y": 5, "index": 147}, {"x": 4, "y": 5, "index": 147}, {"x": 5, "y": 5, "index": 14}, {"x": 6, "y": 5, "index": 14}, {"x": 7, "y": 5, "index": 14}, {"x": 8, "y": 5, "index": 14}, {"x": 9, "y": 5, "index": 14}, {"x": 10, "y": 5, "index": 14}, {"x": 11, "y": 5, "index": 14}, {"x": 12, "y": 5, "index": 147}, {"x": 13, "y": 5, "index": 147}, {"x": 14, "y": 5, "index": 147}, {"x": 15, "y": 5, "index": 147}, {"x": 0, "y": 6, "index": 147}, {"x": 1, "y": 6, "index": 147}, {"x": 2, "y": 6, "index": 147}, {"x": 3, "y": 6, "index": 147}, {"x": 4, "y": 6, "index": 147}, {"x": 5, "y": 6, "index": 14}, {"x": 6, "y": 6, "index": 147}, {"x": 7, "y": 6, "index": 147}, {"x": 8, "y": 6, "index": 147}, {"x": 9, "y": 6, "index": 147}, {"x": 10, "y": 6, "index": 147}, {"x": 11, "y": 6, "index": 14}, {"x": 12, "y": 6, "index": 147}, {"x": 13, "y": 6, "index": 147}, {"x": 14, "y": 6, "index": 147}, {"x": 15, "y": 6, "index": 147}, {"x": 0, "y": 7, "index": 147}, {"x": 1, "y": 7, "index": 147}, {"x": 2, "y": 7, "index": 147}, {"x": 3, "y": 7, "index": 147}, {"x": 4, "y": 7, "index": 147}, {"x": 5, "y": 7, "index": 14}, {"x": 6, "y": 7, "index": 147}, {"x": 7, "y": 7, "index": 147}, {"x": 8, "y": 7, "index": 147}, {"x": 9, "y": 7, "index": 147}, {"x": 10, "y": 7, "index": 147}, {"x": 11, "y": 7, "index": 14}, {"x": 12, "y": 7, "index": 147}, {"x": 13, "y": 7, "index": 147}, {"x": 14, "y": 7, "index": 147}, {"x": 15, "y": 7, "index": 147}, {"x": 0, "y": 8, "index": 147}, {"x": 1, "y": 8, "index": 147}, {"x": 2, "y": 8, "index": 147}, {"x": 3, "y": 8, "index": 147}, {"x": 4, "y": 8, "index": 147}, {"x": 5, "y": 8, "index": 14}, {"x": 6, "y": 8, "index": 147}, {"x": 7, "y": 8, "index": 147}, {"x": 8, "y": 8, "index": 147}, {"x": 9, "y": 8, "index": 147}, {"x": 10, "y": 8, "index": 147}, {"x": 11, "y": 8, "index": 14}, {"x": 12, "y": 8, "index": 147}, {"x": 13, "y": 8, "index": 147}, {"x": 14, "y": 8, "index": 147}, {"x": 15, "y": 8, "index": 147}, {"x": 0, "y": 9, "index": 147}, {"x": 1, "y": 9, "index": 147}, {"x": 2, "y": 9, "index": 147}, {"x": 3, "y": 9, "index": 147}, {"x": 4, "y": 9, "index": 147}, {"x": 5, "y": 9, "index": 14}, {"x": 6, "y": 9, "index": 147}, {"x": 7, "y": 9, "index": 147}, {"x": 8, "y": 9, "index": 147}, {"x": 9, "y": 9, "index": 147}, {"x": 10, "y": 9, "index": 147}, {"x": 11, "y": 9, "index": 14}, {"x": 12, "y": 9, "index": 147}, {"x": 13, "y": 9, "index": 147}, {"x": 14, "y": 9, "index": 147}, {"x": 15, "y": 9, "index": 147}, {"x": 0, "y": 10, "index": 147}, {"x": 1, "y": 10, "index": 147}, {"x": 2, "y": 10, "index": 147}, {"x": 3, "y": 10, "index": 147}, {"x": 4, "y": 10, "index": 147}, {"x": 5, "y": 10, "index": 14}, {"x": 6, "y": 10, "index": 14}, {"x": 7, "y": 10, "index": 14}, {"x": 8, "y": 10, "index": 14}, {"x": 9, "y": 10, "index": 14}, {"x": 10, "y": 10, "index": 14}, {"x": 11, "y": 10, "index": 14}, {"x": 12, "y": 10, "index": 147}, {"x": 13, "y": 10, "index": 147}, {"x": 14, "y": 10, "index": 147}, {"x": 15, "y": 10, "index": 147}, {"x": 0, "y": 11, "index": 147}, {"x": 1, "y": 11, "index": 147}, {"x": 2, "y": 11, "index": 147}, {"x": 3, "y": 11, "index": 147}, {"x": 4, "y": 11, "index": 147}, {"x": 5, "y": 11, "index": 14}, {"x": 6, "y": 11, "index": 147}, {"x": 7, "y": 11, "index": 147}, {"x": 8, "y": 11, "index": 147}, {"x": 9, "y": 11, "index": 147}, {"x": 10, "y": 11, "index": 147}, {"x": 11, "y": 11, "index": 147}, {"x": 12, "y": 11, "index": 147}, {"x": 13, "y": 11, "index": 147}, {"x": 14, "y": 11, "index": 147}, {"x": 15, "y": 11, "index": 147}, {"x": 0, "y": 12, "index": 147}, {"x": 1, "y": 12, "index": 147}, {"x": 2, "y": 12, "index": 147}, {"x": 3, "y": 12, "index": 147}, {"x": 4, "y": 12, "index": 147}, {"x": 5, "y": 12, "index": 14}, {"x": 6, "y": 12, "index": 147}, {"x": 7, "y": 12, "index": 147}, {"x": 8, "y": 12, "index": 147}, {"x": 9, "y": 12, "index": 147}, {"x": 10, "y": 12, "index": 147}, {"x": 11, "y": 12, "index": 147}, {"x": 12, "y": 12, "index": 147}, {"x": 13, "y": 12, "index": 147}, {"x": 14, "y": 12, "index": 147}, {"x": 15, "y": 12, "index": 147}, {"x": 0, "y": 13, "index": 147}, {"x": 1, "y": 13, "index": 147}, {"x": 2, "y": 13, "index": 147}, {"x": 3, "y": 13, "index": 147}, {"x": 4, "y": 13, "index": 147}, {"x": 5, "y": 13, "index": 14}, {"x": 6, "y": 13, "index": 147}, {"x": 7, "y": 13, "index": 147}, {"x": 8, "y": 13, "index": 147}, {"x": 9, "y": 13, "index": 147}, {"x": 10, "y": 13, "index": 147}, {"x": 11, "y": 13, "index": 147}, {"x": 12, "y": 13, "index": 147}, {"x": 13, "y": 13, "index": 147}, {"x": 14, "y": 13, "index": 147}, {"x": 15, "y": 13, "index": 147}, {"x": 0, "y": 14, "index": 147}, {"x": 1, "y": 14, "index": 147}, {"x": 2, "y": 14, "index": 147}, {"x": 3, "y": 14, "index": 147}, {"x": 4, "y": 14, "index": 147}, {"x": 5, "y": 14, "index": 14}, {"x": 6, "y": 14, "index": 147}, {"x": 7, "y": 14, "index": 147}, {"x": 8, "y": 14, "index": 147}, {"x": 9, "y": 14, "index": 147}, {"x": 10, "y": 14, "index": 147}, {"x": 11, "y": 14, "index": 147}, {"x": 12, "y": 14, "index": 147}, {"x": 13, "y": 14, "index": 147}, {"x": 14, "y": 14, "index": 147}, {"x": 15, "y": 14, "index": 147}, {"x": 0, "y": 15, "index": 147}, {"x": 1, "y": 15, "index": 147}, {"x": 2, "y": 15, "index": 147}, {"x": 3, "y": 15, "index": 147}, {"x": 4, "y": 15, "index": 147}, {"x": 5, "y": 15, "index": 14}, {"x": 6, "y": 15, "index": 147}, {"x": 7, "y": 15, "index": 147}, {"x": 8, "y": 15, "index": 147}, {"x": 9, "y": 15, "index": 147}, {"x": 10, "y": 15, "index": 147}, {"x": 11, "y": 15, "index": 147}, {"x": 12, "y": 15, "index": 147}, {"x": 13, "y": 15, "index": 147}, {"x": 14, "y": 15, "index": 147}, {"x": 15, "y": 15, "index": 147}, {"x": 0, "y": 16, "index": 147}, {"x": 1, "y": 16, "index": 147}, {"x": 2, "y": 16, "index": 147}, {"x": 3, "y": 16, "index": 147}, {"x": 4, "y": 16, "index": 147}, {"x": 5, "y": 16, "index": 14}, {"x": 6, "y": 16, "index": 147}, {"x": 7, "y": 16, "index": 147}, {"x": 8, "y": 16, "index": 147}, {"x": 9, "y": 16, "index": 147}, {"x": 10, "y": 16, "index": 147}, {"x": 11, "y": 16, "index": 147}, {"x": 12, "y": 16, "index": 147}, {"x": 13, "y": 16, "index": 147}, {"x": 14, "y": 16, "index": 147}, {"x": 15, "y": 16, "index": 147}, {"x": 0, "y": 17, "index": 147}, {"x": 1, "y": 17, "index": 147}, {"x": 2, "y": 17, "index": 147}, {"x": 3, "y": 17, "index": 147}, {"x": 4, "y": 17, "index": 147}, {"x": 5, "y": 17, "index": 14}, {"x": 6, "y": 17, "index": 147}, {"x": 7, "y": 17, "index": 147}, {"x": 8, "y": 17, "index": 147}, {"x": 9, "y": 17, "index": 147}, {"x": 10, "y": 17, "index": 147}, {"x": 11, "y": 17, "index": 147}, {"x": 12, "y": 17, "index": 147}, {"x": 13, "y": 17, "index": 147}, {"x": 14, "y": 17, "index": 147}, {"x": 15, "y": 17, "index": 147}, {"x": 0, "y": 18, "index": 147}, {"x": 1, "y": 18, "index": 147}, {"x": 2, "y": 18, "index": 147}, {"x": 3, "y": 18, "index": 147}, {"x": 4, "y": 18, "index": 147}, {"x": 5, "y": 18, "index": 14}, {"x": 6, "y": 18, "index": 147}, {"x": 7, "y": 18, "index": 147}, {"x": 8, "y": 18, "index": 147}, {"x": 9, "y": 18, "index": 147}, {"x": 10, "y": 18, "index": 147}, {"x": 11, "y": 18, "index": 147}, {"x": 12, "y": 18, "index": 147}, {"x": 13, "y": 18, "index": 147}, {"x": 14, "y": 18, "index": 147}, {"x": 15, "y": 18, "index": 147}, {"x": 0, "y": 19, "index": 147}, {"x": 1, "y": 19, "index": 147}, {"x": 2, "y": 19, "index": 147}, {"x": 3, "y": 19, "index": 147}, {"x": 4, "y": 19, "index": 147}, {"x": 5, "y": 19, "index": 14}, {"x": 6, "y": 19, "index": 147}, {"x": 7, "y": 19, "index": 147}, {"x": 8, "y": 19, "index": 147}, {"x": 9, "y": 19, "index": 147}, {"x": 10, "y": 19, "index": 147}, {"x": 11, "y": 19, "index": 147}, {"x": 12, "y": 19, "index": 147}, {"x": 13, "y": 19, "index": 147}, {"x": 14, "y": 19, "index": 147}, {"x": 15, "y": 19, "index": 147}, {"x": 0, "y": 20, "index": 147}, {"x": 1, "y": 20, "index": 147}, {"x": 2, "y": 20, "index": 147}, {"x": 3, "y": 20, "index": 147}, {"x": 4, "y": 20, "index": 147}, {"x": 5, "y": 20, "index": 147}, {"x": 6, "y": 20, "index": 147}, {"x": 7, "y": 20, "index": 147}, {"x": 8, "y": 20, "index": 147}, {"x": 9, "y": 20, "index": 147}, {"x": 10, "y": 20, "index": 147}, {"x": 11, "y": 20, "index": 147}, {"x": 12, "y": 20, "index": 147}, {"x": 13, "y": 20, "index": 147}, {"x": 14, "y": 20, "index": 147}, {"x": 15, "y": 20, "index": 147}, {"x": 0, "y": 21, "index": 147}, {"x": 1, "y": 21, "index": 147}, {"x": 2, "y": 21, "index": 147}, {"x": 3, "y": 21, "index": 147}, {"x": 4, "y": 21, "index": 147}, {"x": 5, "y": 21, "index": 147}, {"x": 6, "y": 21, "index": 147}, {"x": 7, "y": 21, "index": 147}, {"x": 8, "y": 21, "index": 147}, {"x": 9, "y": 21, "index": 147}, {"x": 10, "y": 21, "index": 147}, {"x": 11, "y": 21, "index": 147}, {"x": 12, "y": 21, "index": 147}, {"x": 13, "y": 21, "index": 147}, {"x": 14, "y": 21, "index": 147}, {"x": 15, "y": 21, "index": 147}, {"x": 0, "y": 22, "index": 147}, {"x": 1, "y": 22, "index": 147}, {"x": 2, "y": 22, "index": 147}, {"x": 3, "y": 22, "index": 147}, {"x": 4, "y": 22, "index": 147}, {"x": 5, "y": 22, "index": 147}, {"x": 6, "y": 22, "index": 147}, {"x": 7, "y": 22, "index": 147}, {"x": 8, "y": 22, "index": 147}, {"x": 9, "y": 22, "index": 147}, {"x": 10, "y": 22, "index": 147}, {"x": 11, "y": 22, "index": 147}, {"x": 12, "y": 22, "index": 147}, {"x": 13, "y": 22, "index": 147}, {"x": 14, "y": 22, "index": 147}, {"x": 15, "y": 22, "index": 147}, {"x": 0, "y": 23, "index": 147}, {"x": 1, "y": 23, "index": 147}, {"x": 2, "y": 23, "index": 147}, {"x": 3, "y": 23, "index": 147}, {"x": 4, "y": 23, "index": 147}, {"x": 5, "y": 23, "index": 147}, {"x": 6, "y": 23, "index": 147}, {"x": 7, "y": 23, "index": 147}, {"x": 8, "y": 23, "index": 147}, {"x": 9, "y": 23, "index": 147}, {"x": 10, "y": 23, "index": 147}, {"x": 11, "y": 23, "index": 147}, {"x": 12, "y": 23, "index": 147}, {"x": 13, "y": 23, "index": 147}, {"x": 14, "y": 23, "index": 147}, {"x": 15, "y": 23, "index": 147}]}}]}